{
  "Delete a product" : {
    "transaction" : "Delete a product",
    "sampleCount" : 3000,
    "errorCount" : 2,
    "errorPct" : 0.06666667,
    "meanResTime" : 4691.373000000007,
    "medianResTime" : 4624.5,
    "minResTime" : 445.0,
    "maxResTime" : 6899.0,
    "pct1ResTime" : 5814.5,
    "pct2ResTime" : 6046.95,
    "pct3ResTime" : 6399.969999999999,
    "throughput" : 3.789835912737765,
    "receivedKBytesPerSec" : 4.07759696926822,
    "sentKBytesPerSec" : 0.7994185128431223
  },
  "Get carts in a date range" : {
    "transaction" : "Get carts in a date range",
    "sampleCount" : 3000,
    "errorCount" : 0,
    "errorPct" : 0.0,
    "meanResTime" : 4871.333999999997,
    "medianResTime" : 4857.0,
    "minResTime" : 3407.0,
    "maxResTime" : 6148.0,
    "pct1ResTime" : 5135.0,
    "pct2ResTime" : 5278.0,
    "pct3ResTime" : 5641.809999999996,
    "throughput" : 3.7027985751631083,
    "receivedKBytesPerSec" : 5.920251804960023,
    "sentKBytesPerSec" : 0.5966423485370242
  },
  "Get a single user" : {
    "transaction" : "Get a single user",
    "sampleCount" : 3000,
    "errorCount" : 0,
    "errorPct" : 0.0,
    "meanResTime" : 5202.368999999993,
    "medianResTime" : 5217.5,
    "minResTime" : 4645.0,
    "maxResTime" : 7433.0,
    "pct1ResTime" : 5458.9,
    "pct2ResTime" : 5736.799999999999,
    "pct3ResTime" : 6921.959999999999,
    "throughput" : 3.6908449820501907,
    "receivedKBytesPerSec" : 3.5654643828845676,
    "sentKBytesPerSec" : 0.4577512819534904
  },
  "Delete a cart" : {
    "transaction" : "Delete a cart",
    "sampleCount" : 3000,
    "errorCount" : 1,
    "errorPct" : 0.033333335,
    "meanResTime" : 4993.827666666655,
    "medianResTime" : 4928.0,
    "minResTime" : 4619.0,
    "maxResTime" : 7110.0,
    "pct1ResTime" : 5249.9,
    "pct2ResTime" : 5361.0,
    "pct3ResTime" : 6610.109999999981,
    "throughput" : 3.6908041154926425,
    "receivedKBytesPerSec" : 3.0062344409539006,
    "sentKBytesPerSec" : 0.7677160904296219
  },
  "Update a product" : {
    "transaction" : "Update a product",
    "sampleCount" : 3000,
    "errorCount" : 0,
    "errorPct" : 0.0,
    "meanResTime" : 302.1193333333337,
    "medianResTime" : 293.0,
    "minResTime" : 276.0,
    "maxResTime" : 1275.0,
    "pct1ResTime" : 306.0,
    "pct2ResTime" : 318.9499999999998,
    "pct3ResTime" : 552.0,
    "throughput" : 3.811852064562609,
    "receivedKBytesPerSec" : 3.0977353310402926,
    "sentKBytesPerSec" : 1.3326592178841934
  },
  "User login" : {
    "transaction" : "User login",
    "sampleCount" : 3000,
    "errorCount" : 2,
    "errorPct" : 0.06666667,
    "meanResTime" : 5023.821333333333,
    "medianResTime" : 5149.0,
    "minResTime" : 487.0,
    "maxResTime" : 7275.0,
    "pct1ResTime" : 5999.8,
    "pct2ResTime" : 6165.95,
    "pct3ResTime" : 6623.899999999998,
    "throughput" : 3.7379590992515364,
    "receivedKBytesPerSec" : 3.1097556488349403,
    "sentKBytesPerSec" : 0.9308394241300212
  },
  "Get all products" : {
    "transaction" : "Get all products",
    "sampleCount" : 3000,
    "errorCount" : 0,
    "errorPct" : 0.0,
    "meanResTime" : 349.6133333333341,
    "medianResTime" : 302.0,
    "minResTime" : 282.0,
    "maxResTime" : 1641.0,
    "pct1ResTime" : 482.0,
    "pct2ResTime" : 678.8999999999996,
    "pct3ResTime" : 761.9599999999991,
    "throughput" : 3.8296324191149718,
    "receivedKBytesPerSec" : 42.35133396867999,
    "sentKBytesPerSec" : 0.47870405238937147
  },
  "Get all users" : {
    "transaction" : "Get all users",
    "sampleCount" : 3000,
    "errorCount" : 0,
    "errorPct" : 0.0,
    "meanResTime" : 5179.492666666676,
    "medianResTime" : 5119.5,
    "minResTime" : 4681.0,
    "maxResTime" : 7211.0,
    "pct1ResTime" : 5445.700000000001,
    "pct2ResTime" : 6004.499999999998,
    "pct3ResTime" : 6985.99,
    "throughput" : 3.6898689727527776,
    "receivedKBytesPerSec" : 13.304694601075965,
    "sentKBytesPerSec" : 0.45042345858798555
  },
  "Add a new user" : {
    "transaction" : "Add a new user",
    "sampleCount" : 3000,
    "errorCount" : 0,
    "errorPct" : 0.0,
    "meanResTime" : 5526.692666666663,
    "medianResTime" : 5444.5,
    "minResTime" : 3171.0,
    "maxResTime" : 7778.0,
    "pct1ResTime" : 6179.0,
    "pct2ResTime" : 6292.0,
    "pct3ResTime" : 6890.98,
    "throughput" : 3.702464977766698,
    "receivedKBytesPerSec" : 2.552751978581857,
    "sentKBytesPerSec" : 2.3140406111041862
  },
  "Get user carts" : {
    "transaction" : "Get user carts",
    "sampleCount" : 3000,
    "errorCount" : 1,
    "errorPct" : 0.033333335,
    "meanResTime" : 4918.214333333335,
    "medianResTime" : 4877.0,
    "minResTime" : 4239.0,
    "maxResTime" : 6475.0,
    "pct1ResTime" : 5133.9,
    "pct2ResTime" : 5312.95,
    "pct3ResTime" : 5669.0,
    "throughput" : 3.6951455641009217,
    "receivedKBytesPerSec" : 3.010097812812548,
    "sentKBytesPerSec" : 0.47632735787238445
  },
  "Sort results" : {
    "transaction" : "Sort results",
    "sampleCount" : 9000,
    "errorCount" : 1,
    "errorPct" : 0.011111111,
    "meanResTime" : 3485.30877777778,
    "medianResTime" : 4826.0,
    "minResTime" : 281.0,
    "maxResTime" : 7230.0,
    "pct1ResTime" : 5449.0,
    "pct2ResTime" : 5735.949999999999,
    "pct3ResTime" : 6183.99,
    "throughput" : 10.614008604422974,
    "receivedKBytesPerSec" : 57.53641692150115,
    "sentKBytesPerSec" : 1.4096730177749264
  },
  "Add a new ptoduct" : {
    "transaction" : "Add a new ptoduct",
    "sampleCount" : 3000,
    "errorCount" : 0,
    "errorPct" : 0.0,
    "meanResTime" : 327.25333333333367,
    "medianResTime" : 295.0,
    "minResTime" : 278.0,
    "maxResTime" : 1873.0,
    "pct1ResTime" : 448.0,
    "pct2ResTime" : 466.0,
    "pct3ResTime" : 871.8499999999749,
    "throughput" : 3.714172166736617,
    "receivedKBytesPerSec" : 2.9424126504084973,
    "sentKBytesPerSec" : 1.5378994127893804
  },
  "Update a cart - patch" : {
    "transaction" : "Update a cart - patch",
    "sampleCount" : 3000,
    "errorCount" : 0,
    "errorPct" : 0.0,
    "meanResTime" : 304.98400000000055,
    "medianResTime" : 294.0,
    "minResTime" : 277.0,
    "maxResTime" : 1578.0,
    "pct1ResTime" : 305.0,
    "pct2ResTime" : 313.0,
    "pct3ResTime" : 601.8799999999974,
    "throughput" : 3.7140664075073664,
    "receivedKBytesPerSec" : 2.9391515989055885,
    "sentKBytesPerSec" : 1.548736675786763
  },
  "Limit results" : {
    "transaction" : "Limit results",
    "sampleCount" : 9000,
    "errorCount" : 0,
    "errorPct" : 0.0,
    "meanResTime" : 3432.1950000000156,
    "medianResTime" : 4809.0,
    "minResTime" : 278.0,
    "maxResTime" : 7232.0,
    "pct1ResTime" : 5332.0,
    "pct2ResTime" : 5444.0,
    "pct3ResTime" : 5894.969999999999,
    "throughput" : 10.667867789558528,
    "receivedKBytesPerSec" : 22.893802209582116,
    "sentKBytesPerSec" : 1.3959905115242606
  },
  "Delete a user" : {
    "transaction" : "Delete a user",
    "sampleCount" : 3000,
    "errorCount" : 0,
    "errorPct" : 0.0,
    "meanResTime" : 5399.9126666666625,
    "medianResTime" : 5364.0,
    "minResTime" : 1796.0,
    "maxResTime" : 7121.0,
    "pct1ResTime" : 6141.9,
    "pct2ResTime" : 6282.0,
    "pct3ResTime" : 6815.969999999999,
    "throughput" : 3.7160722602637914,
    "receivedKBytesPerSec" : 3.633672712664622,
    "sentKBytesPerSec" : 0.7729720619494019
  },
  "Get a single product" : {
    "transaction" : "Get a single product",
    "sampleCount" : 3000,
    "errorCount" : 0,
    "errorPct" : 0.0,
    "meanResTime" : 300.0886666666664,
    "medianResTime" : 293.0,
    "minResTime" : 277.0,
    "maxResTime" : 1221.0,
    "pct1ResTime" : 306.0,
    "pct2ResTime" : 316.0,
    "pct3ResTime" : 545.0,
    "throughput" : 3.8326364322753976,
    "receivedKBytesPerSec" : 3.9869150199105463,
    "sentKBytesPerSec" : 0.48656517206621264
  },
  "Get products in a specific category" : {
    "transaction" : "Get products in a specific category",
    "sampleCount" : 3000,
    "errorCount" : 1,