{
  "Delete a product" : {
    "transaction" : "Delete a product",
    "sampleCount" : 2000,
    "errorCount" : 0,
    "errorPct" : 0.0,
    "meanResTime" : 3059.213500000001,
    "medianResTime" : 3103.0,
    "minResTime" : 446.0,
    "maxResTime" : 6374.0,
    "pct1ResTime" : 3528.0,
    "pct2ResTime" : 3613.0,
    "pct3ResTime" : 4032.9300000000003,
    "throughput" : 3.7394291013590952,
    "receivedKBytesPerSec" : 4.0248965346710515,
    "sentKBytesPerSec" : 0.7887858260679342
  },
  "Get carts in a date range" : {
    "transaction" : "Get carts in a date range",
    "sampleCount" : 2000,
    "errorCount" : 0,
    "errorPct" : 0.0,
    "meanResTime" : 3239.0729999999976,
    "medianResTime" : 3246.0,
    "minResTime" : 1397.0,
    "maxResTime" : 6307.0,
    "pct1ResTime" : 3440.0,
    "pct2ResTime" : 3580.95,
    "pct3ResTime" : 4948.79,
    "throughput" : 3.645942521716145,
    "receivedKBytesPerSec" : 5.8297374750480815,
    "sentKBytesPerSec" : 0.5874809727374648
  },
  "Get a single user" : {
    "transaction" : "Get a single user",
    "sampleCount" : 2000,
    "errorCount" : 0,
    "errorPct" : 0.0,
    "meanResTime" : 3367.9664999999995,
    "medianResTime" : 3336.0,
    "minResTime" : 2463.0,
    "maxResTime" : 6783.0,
    "pct1ResTime" : 3517.8,
    "pct2ResTime" : 3831.8999999999996,
    "pct3ResTime" : 4917.0,
    "throughput" : 3.6294017838509767,
    "receivedKBytesPerSec" : 3.506218327798496,
    "sentKBytesPerSec" : 0.45013088530183015
  },
  "Delete a cart" : {
    "transaction" : "Delete a cart",
    "sampleCount" : 2000,
    "errorCount" : 0,
    "errorPct" : 0.0,
    "meanResTime" : 3303.657000000006,
    "medianResTime" : 3274.0,
    "minResTime" : 2550.0,
    "maxResTime" : 6879.0,
    "pct1ResTime" : 3437.0,
    "pct2ResTime" : 3632.699999999999,
    "pct3ResTime" : 5108.650000000001,
    "throughput" : 3.626223397118603,
    "receivedKBytesPerSec" : 2.954355734555008,
    "sentKBytesPerSec" : 0.7542827964709594
  },
  "Update a product" : {
    "transaction" : "Update a product",
    "sampleCount" : 2000,
    "errorCount" : 0,
    "errorPct" : 0.0,
    "meanResTime" : 310.1599999999999,
    "medianResTime" : 293.0,
    "minResTime" : 276.0,
    "maxResTime" : 1261.0,
    "pct1ResTime" : 320.9000000000001,
    "pct2ResTime" : 393.0,
    "pct3ResTime" : 692.3600000000006,
    "throughput" : 3.7602820211515864,
    "receivedKBytesPerSec" : 3.0563748531139834,
    "sentKBytesPerSec" : 1.314629847238543
  },
  "User login" : {
    "transaction" : "User login",
    "sampleCount" : 2000,
    "errorCount" : 0,
    "errorPct" : 0.0,
    "meanResTime" : 3200.085499999997,
    "medianResTime" : 3335.0,
    "minResTime" : 448.0,
    "maxResTime" : 5156.0,
    "pct1ResTime" : 3571.0,
    "pct2ResTime" : 3651.8999999999996,
    "pct3ResTime" : 4092.0,
    "throughput" : 3.6929667448344627,
    "receivedKBytesPerSec" : 3.073302071985154,
    "sentKBytesPerSec" : 0.9196352733718632
  },
  "Get all products" : {
    "transaction" : "Get all products",
    "sampleCount" : 2000,
    "errorCount" : 0,
    "errorPct" : 0.0,
    "meanResTime" : 362.1829999999995,
    "medianResTime" : 303.0,
    "minResTime" : 282.0,
    "maxResTime" : 3119.0,
    "pct1ResTime" : 517.0,
    "pct2ResTime" : 540.8999999999996,
    "pct3ResTime" : 860.98,
    "throughput" : 3.775273093817424,
    "receivedKBytesPerSec" : 41.74998197896984,
    "sentKBytesPerSec" : 0.471909136727178
  },
  "Get all users" : {
    "transaction" : "Get all users",
    "sampleCount" : 2000,
    "errorCount" : 0,
    "errorPct" : 0.0,
    "meanResTime" : 3368.268499999996,
    "medianResTime" : 3312.5,
    "minResTime" : 2607.0,
    "maxResTime" : 6783.0,
    "pct1ResTime" : 3531.8,
    "pct2ResTime" : 3863.1999999999935,
    "pct3ResTime" : 5109.66,
    "throughput" : 3.6267560299352444,
    "receivedKBytesPerSec" : 13.076885131116297,
    "sentKBytesPerSec" : 0.44271924193545464
  },
  "Add a new user" : {
    "transaction" : "Add a new user",
    "sampleCount" : 2000,
    "errorCount" : 0,
    "errorPct" : 0.0,
    "meanResTime" : 3398.7230000000054,
    "medianResTime" : 3406.0,
    "minResTime" : 1011.0,
    "maxResTime" : 5761.0,
    "pct1ResTime" : 3627.0,
    "pct2ResTime" : 3765.95,
    "pct3ResTime" : 4243.98,
    "throughput" : 3.6553782494028026,
    "receivedKBytesPerSec" : 2.5211079531435336,
    "sentKBytesPerSec" : 2.2846114058767517
  },
  "Get user carts" : {
    "transaction" : "Get user carts",
    "sampleCount" : 2000,
    "errorCount" : 0,
    "errorPct" : 0.0,
    "meanResTime" : 3298.8709999999937,
    "medianResTime" : 3265.5,
    "minResTime" : 1772.0,
    "maxResTime" : 6791.0,
    "pct1ResTime" : 3466.0,
    "pct2ResTime" : 3756.5999999999985,
    "pct3ResTime" : 6104.150000000001,
    "throughput" : 3.634579388300289,
    "receivedKBytesPerSec" : 2.9611457784360407,
    "sentKBytesPerSec" : 0.46851999927308413
  },
  "Sort results" : {
    "transaction" : "Sort results",
    "sampleCount" : 6000,
    "errorCount" : 0,
    "errorPct" : 0.0,
    "meanResTime" : 2314.0228333333316,
    "medianResTime" : 3188.0,
    "minResTime" : 282.0,
    "maxResTime" : 6320.0,
    "pct1ResTime" : 3495.0,
    "pct2ResTime" : 3605.95,
    "pct3ResTime" : 4040.99,
    "throughput" : 10.514288918640434,
    "receivedKBytesPerSec" : 57.00022942506992,
    "sentKBytesPerSec" : 1.3964289970069323
  },
  "Add a new ptoduct" : {
    "transaction" : "Add a new ptoduct",
    "sampleCount" : 2000,
    "errorCount" : 0,
    "errorPct" : 0.0,
    "meanResTime" : 321.872,
    "medianResTime" : 294.0,
    "minResTime" : 278.0,
    "maxResTime" : 2856.0,
    "pct1ResTime" : 393.9000000000001,
    "pct2ResTime" : 455.9499999999998,
    "pct3ResTime" : 715.97,
    "throughput" : 3.6436642144806504,
    "receivedKBytesPerSec" : 2.8863834047946977,
    "sentKBytesPerSec" : 1.5087047138083942
  },
  "Update a cart - patch" : {
    "transaction" : "Update a cart - patch",
    "sampleCount" : 2000,
    "errorCount" : 0,
    "errorPct" : 0.0,
    "meanResTime" : 309.63800000000043,
    "medianResTime" : 293.0,
    "minResTime" : 278.0,
    "maxResTime" : 3754.0,
    "pct1ResTime" : 308.0,
    "pct2ResTime" : 376.0,
    "pct3ResTime" : 589.8600000000001,
    "throughput" : 3.6433854337450358,
    "receivedKBytesPerSec" : 2.8830244140980796,
    "sentKBytesPerSec" : 1.5192632619229787
  },
  "Limit results" : {
    "transaction" : "Limit results",
    "sampleCount" : 6000,
    "errorCount" : 0,
    "errorPct" : 0.0,
    "meanResTime" : 2298.6543333333325,
    "medianResTime" : 3161.0,
    "minResTime" : 277.0,
    "maxResTime" : 6851.0,
    "pct1ResTime" : 3479.9000000000005,
    "pct2ResTime" : 3601.95,
    "pct3ResTime" : 4228.99,
    "throughput" : 10.5504151588365,
    "receivedKBytesPerSec" : 22.64237922632047,
    "sentKBytesPerSec" : 1.3806207336758702
  },
  "Delete a user" : {
    "transaction" : "Delete a user",
    "sampleCount" : 2000,
    "errorCount" : 0,
    "errorPct" : 0.0,
    "meanResTime" : 3304.9880000000035,
    "medianResTime" : 3371.0,
    "minResTime" : 443.0,
    "maxResTime" : 5026.0,
    "pct1ResTime" : 3593.9,
    "pct2ResTime" : 3693.95,
    "pct3ResTime" : 4085.96,
    "throughput" : 3.6737355461467107,
    "receivedKBytesPerSec" : 3.591672043331711,
    "sentKBytesPerSec" : 0.7641656946574701
  },
  "Get a single product" : {
    "transaction" : "Get a single product",
    "sampleCount" : 2000,
    "errorCount" : 0,
    "errorPct" : 0.0,
    "meanResTime" : 308.26849999999996,
    "medianResTime" : 293.0,
    "minResTime" : 276.0,
    "maxResTime" : 1370.0,
    "pct1ResTime" : 316.0,
    "pct2ResTime" : 390.9499999999998,
    "pct3ResTime" : 719.99,
    "throughput" : 3.779218079779294,
    "receivedKBytesPerSec" : 3.931899966459439,
    "sentKBytesPerSec" : 0.4797835452844806
  },
  "Get products in a specific category" : {
    "transaction" : "Get products in a specific category",
    "sampleCount" : 2000,
    "errorCount" : 0,
    "errorPct" : 0.0,