{
  "Delete a product" : {
    "transaction" : "Delete a product",
    "sampleCount" : 1000,
    "errorCount" : 0,
    "errorPct" : 0.0,
    "meanResTime" : 1428.3370000000011,
    "medianResTime" : 1468.0,
    "minResTime" : 445.0,
    "maxResTime" : 2056.0,
    "pct1ResTime" : 1620.9,
    "pct2ResTime" : 1701.7999999999997,
    "pct3ResTime" : 1895.92,
    "throughput" : 3.712172957562439,
    "receivedKBytesPerSec" : 3.9956394148316154,
    "sentKBytesPerSec" : 0.7830364832358269
  },
  "Get carts in a date range" : {
    "transaction" : "Get carts in a date range",
    "sampleCount" : 1000,
    "errorCount" : 0,
    "errorPct" : 0.0,
    "meanResTime" : 1496.9960000000008,
    "medianResTime" : 1505.0,
    "minResTime" : 548.0,
    "maxResTime" : 2276.0,
    "pct1ResTime" : 1679.9,
    "pct2ResTime" : 1766.5999999999995,
    "pct3ResTime" : 2005.88,
    "throughput" : 3.6440359884994225,
    "receivedKBytesPerSec" : 5.826635614165825,
    "sentKBytesPerSec" : 0.5871737676781296
  },
  "Get a single user" : {
    "transaction" : "Get a single user",
    "sampleCount" : 1000,
    "errorCount" : 0,
    "errorPct" : 0.0,
    "meanResTime" : 1509.7849999999999,
    "medianResTime" : 1515.5,
    "minResTime" : 640.0,
    "maxResTime" : 2386.0,
    "pct1ResTime" : 1668.9,
    "pct2ResTime" : 1752.7999999999997,
    "pct3ResTime" : 2012.96,
    "throughput" : 3.638612960739366,
    "receivedKBytesPerSec" : 3.5156321066659393,
    "sentKBytesPerSec" : 0.4512732871229488
  },
  "Delete a cart" : {
    "transaction" : "Delete a cart",
    "sampleCount" : 1000,
    "errorCount" : 0,
    "errorPct" : 0.0,
    "meanResTime" : 1485.7320000000004,
    "medianResTime" : 1494.0,
    "minResTime" : 819.0,
    "maxResTime" : 2099.0,
    "pct1ResTime" : 1643.8,
    "pct2ResTime" : 1726.9499999999998,
    "pct3ResTime" : 2017.96,
    "throughput" : 3.628934218309425,
    "receivedKBytesPerSec" : 2.9568584361833774,
    "sentKBytesPerSec" : 0.7548466684569409
  },
  "Update a product" : {
    "transaction" : "Update a product",
    "sampleCount" : 1000,
    "errorCount" : 0,
    "errorPct" : 0.0,
    "meanResTime" : 307.66000000000014,
    "medianResTime" : 293.0,
    "minResTime" : 277.0,
    "maxResTime" : 1232.0,
    "pct1ResTime" : 306.0,
    "pct2ResTime" : 322.89999999999986,
    "pct3ResTime" : 678.8400000000001,
    "throughput" : 3.7307446939483593,
    "receivedKBytesPerSec" : 3.032031591013382,
    "sentKBytesPerSec" : 1.304303320735852
  },
  "User login" : {
    "transaction" : "User login",
    "sampleCount" : 1000,
    "errorCount" : 0,
    "errorPct" : 0.0,
    "meanResTime" : 1453.1209999999999,
    "medianResTime" : 1486.0,
    "minResTime" : 442.0,
    "maxResTime" : 2224.0,
    "pct1ResTime" : 1628.9,
    "pct2ResTime" : 1682.9499999999998,
    "pct3ResTime" : 1884.8100000000002,
    "throughput" : 3.692094118863278,
    "receivedKBytesPerSec" : 3.0728102305158966,
    "sentKBytesPerSec" : 0.9194179690528671
  },
  "Get all products" : {
    "transaction" : "Get all products",
    "sampleCount" : 1000,
    "errorCount" : 0,
    "errorPct" : 0.0,
    "meanResTime" : 362.2670000000004,
    "medianResTime" : 302.0,
    "minResTime" : 283.0,
    "maxResTime" : 1765.0,
    "pct1ResTime" : 685.9,
    "pct2ResTime" : 716.0,
    "pct3ResTime" : 1125.0800000000008,
    "throughput" : 3.729144757941214,
    "receivedKBytesPerSec" : 41.23951935519358,
    "sentKBytesPerSec" : 0.4661430947426517
  },
  "Get all users" : {
    "transaction" : "Get all users",
    "sampleCount" : 1000,
    "errorCount" : 0,
    "errorPct" : 0.0,
    "meanResTime" : 1506.5249999999996,
    "medianResTime" : 1500.0,
    "minResTime" : 786.0,
    "maxResTime" : 2484.0,
    "pct1ResTime" : 1667.0,
    "pct2ResTime" : 1733.6999999999996,
    "pct3ResTime" : 2029.8600000000001,
    "throughput" : 3.629368852756506,
    "receivedKBytesPerSec" : 13.086405348328677,
    "sentKBytesPerSec" : 0.44303819003375317
  },
  "Add a new user" : {
    "transaction" : "Add a new user",
    "sampleCount" : 1000,
    "errorCount" : 0,
    "errorPct" : 0.0,
    "meanResTime" : 1511.2190000000007,
    "medianResTime" : 1529.0,
    "minResTime" : 442.0,
    "maxResTime" : 2325.0,
    "pct1ResTime" : 1665.6999999999998,
    "pct2ResTime" : 1739.9499999999998,
    "pct3ResTime" : 2047.94,
    "throughput" : 3.669697837080095,
    "receivedKBytesPerSec" : 2.530364169345546,
    "sentKBytesPerSec" : 2.2935611481750593
  },
  "Get user carts" : {
    "transaction" : "Get user carts",
    "sampleCount" : 1000,
    "errorCount" : 0,
    "errorPct" : 0.0,
    "meanResTime" : 1495.7739999999994,
    "medianResTime" : 1500.0,
    "minResTime" : 652.0,
    "maxResTime" : 2309.0,
    "pct1ResTime" : 1678.0,
    "pct2ResTime" : 1762.4999999999993,
    "pct3ResTime" : 1962.94,
    "throughput" : 3.632453795187725,
    "receivedKBytesPerSec" : 2.9593998369028247,
    "sentKBytesPerSec" : 0.46824599703591774
  },
  "Sort results" : {
    "transaction" : "Sort results",
    "sampleCount" : 3000,
    "errorCount" : 0,
    "errorPct" : 0.0,
    "meanResTime" : 1112.5159999999992,
    "medianResTime" : 1435.0,
    "minResTime" : 283.0,
    "maxResTime" : 2993.0,
    "pct1ResTime" : 1639.0,
    "pct2ResTime" : 1720.0,
    "pct3ResTime" : 2034.9899999999998,
    "throughput" : 10.538074061584505,
    "receivedKBytesPerSec" : 57.12810697550249,
    "sentKBytesPerSec" : 1.399587961304192
  },
  "Add a new ptoduct" : {
    "transaction" : "Add a new ptoduct",
    "sampleCount" : 1000,
    "errorCount" : 0,
    "errorPct" : 0.0,
    "meanResTime" : 319.2940000000001,
    "medianResTime" : 294.0,
    "minResTime" : 278.0,
    "maxResTime" : 1937.0,
    "pct1ResTime" : 315.0,
    "pct2ResTime" : 466.94999999999993,
    "pct3ResTime" : 954.8300000000002,
    "throughput" : 3.6371439690697276,
    "receivedKBytesPerSec" : 2.8807174766586288,
    "sentKBytesPerSec" : 1.5060049246929343
  },
  "Update a cart - patch" : {
    "transaction" : "Update a cart - patch",
    "sampleCount" : 1000,
    "errorCount" : 0,
    "errorPct" : 0.0,
    "meanResTime" : 308.85499999999985,
    "medianResTime" : 294.0,
    "minResTime" : 277.0,
    "maxResTime" : 1138.0,
    "pct1ResTime" : 305.9,
    "pct2ResTime" : 317.0,
    "pct3ResTime" : 705.7100000000003,
    "throughput" : 3.63723657314119,
    "receivedKBytesPerSec" : 2.8772104168636834,
    "sentKBytesPerSec" : 1.5166992350891486
  },
  "Limit results" : {
    "transaction" : "Limit results",
    "sampleCount" : 3000,
    "errorCount" : 0,
    "errorPct" : 0.0,
    "meanResTime" : 1099.7033333333352,
    "medianResTime" : 1433.0,
    "minResTime" : 279.0,
    "maxResTime" : 2575.0,
    "pct1ResTime" : 1628.0,
    "pct2ResTime" : 1694.9499999999998,
    "pct3ResTime" : 1972.9799999999996,
    "throughput" : 10.54674316571043,
    "receivedKBytesPerSec" : 22.633194105337356,
    "sentKBytesPerSec" : 1.3801402189503882
  },
  "Delete a user" : {
    "transaction" : "Delete a user",
    "sampleCount" : 1000,
    "errorCount" : 0,
    "errorPct" : 0.0,
    "meanResTime" : 1470.4979999999998,
    "medianResTime" : 1499.5,
    "minResTime" : 445.0,
    "maxResTime" : 2009.0,
    "pct1ResTime" : 1641.9,
    "pct2ResTime" : 1690.9499999999998,
    "pct3ResTime" : 1859.89,
    "throughput" : 3.6779715251444522,
    "receivedKBytesPerSec" : 3.596560487459956,
    "sentKBytesPerSec" : 0.7650468113825862
  },
  "Get a single product" : {
    "transaction" : "Get a single product",
    "sampleCount" : 1000,
    "errorCount" : 0,
    "errorPct" : 0.0,
    "meanResTime" : 308.2860000000004,
    "medianResTime" : 294.0,
    "minResTime" : 278.0,
    "maxResTime" : 1018.0,
    "pct1ResTime" : 307.0,
    "pct2ResTime" : 334.7999999999997,
    "pct3ResTime" : 729.99,
    "throughput" : 3.7435237039920937,
    "receivedKBytesPerSec" : 3.894266337205385,
    "sentKBytesPerSec" : 0.4752520327333713
  },
  "Get products in a specific category" : {
    "transaction" : "Get products in a specific category",